51,24,1,,,,,,,,,,,,,,,,,,,,,,,,,,,,,,,,,,,,,,,,,,,,,,,,,,,,,,,,,,,,,,,,,,,,,,,,,,,,,,,,,,,,,,,,,,,,,,,,,,,,,,,,,,,,,
170,1,13,12,9,8,1,171,8,12,23,10,6,1,173,23,13,6,9,6,1,174,27,15,13,9,5,1,175,34,13,6,4,5,1,176,34,16,7,6,8,1,177,35,14,11,8,6,1,178,30,12,21,14,8,1,,,,,,,,,,,,,,,,,,,,,,,,,,,,,,,,,,,,,,,,,,,,,,,,,,,,,,,,
4,0,99,5,1,1,1,1,1,1,1,1,1,1,1,1,1,1,1,1,1,1,1,1,1,1,1,1,1,1,1,1,1,1,1,1,1,1,1,1,1,1,1,1,1,1,1,1,1,1,1,,,,,,,,,,,,,,,,,,,,,,,,,,,,,,,,,,,,,,,,,,,,,,,,,,,,,,,,,,,,,
4,0,0,6,0,0,0,0,0,0,0,0,0,0,113,5,1,4,0,0,0,0,0,0,0,0,0,0,0,5,1,4,0,0,0,0,0,0,0,5,1,2,98,3,1,4,0,0,151,151,97,,,,,,,,,,,,,,,,,,,,,,,,,,,,,,,,,,,,,,,,,,,,,,,,,,,,,,,,,,,,,
4,0,0,6,0,5,1,4,0,5,2,98,3,1,1,4,171,6,0,5,4,0,5,1,4,0,5,4,0,5,1,4,0,2,98,3,0,6,0,6,0,0,0,0,0,6,0,0,151,151,97,,,,,,,,,,,,,,,,,,,,,,,,,,,,,,,,,,,,,,,,,,,,,,,,,,,,,,,,,,,,,
4,0,0,6,0,0,0,0,0,0,5,1,1,1,1,4,0,0,0,5,4,0,6,0,0,0,0,0,0,6,0,0,0,5,1,4,0,6,0,0,0,6,0,5,1,4,0,5,1,1,1,,,,,,,,,,,,,,,,,,,,,,,,,,,,,,,,,,,,,,,,,,,,,,,,,,,,,,,,,,,,,
4,0,0,5,1,4,0,5,4,0,170,5,1,1,1,4,0,6,0,6,0,0,6,0,0,0,0,6,0,6,0,6,0,0,0,0,0,0,0,6,0,6,0,0,0,6,0,5,1,1,1,,,,,,,,,,,,,,,,,,,,,,,,,,,,,,,,,,,,,,,,,,,,,,,,,,,,,,,,,,,,,
4,0,0,6,0,0,0,0,0,0,5,1,1,1,0,0,0,6,0,0,0,5,4,0,5,4,173,6,0,6,0,0,0,5,1,1,4,0,5,4,0,6,0,6,0,6,0,5,1,1,1,,,,,,,,,,,,,,,,,,,,,,,,,,,,,,,,,,,,,,,,,,,,,,,,,,,,,,,,,,,,,
4,0,0,6,0,5,4,0,5,1,1,1,1,1,0,6,0,0,0,5,1,4,0,0,5,1,1,4,0,6,0,6,0,174,5,1,4,176,6,177,0,0,0,6,0,0,0,5,1,1,1,,,,,,,,,,,,,,,,,,,,,,,,,,,,,,,,,,,,,,,,,,,,,,,,,,,,,,,,,,,,,
4,0,0,0,0,0,0,0,5,4,0,0,0,6,0,0,0,6,0,0,117,6,0,5,1,1,1,4,42,6,0,0,0,5,4,175,0,5,1,4,0,5,1,1,1,4,0,5,1,1,1,,,,,,,,,,,,,,,,,,,,,,,,,,,,,,,,,,,,,,,,,,,,,,,,,,,,,,,,,,,,,
1,1,1,1,1,1,1,1,4,0,0,6,0,0,0,5,1,1,1,1,1,4,0,6,150,150,5,1,1,4,0,0,0,5,1,4,0,0,0,6,0,0,0,6,0,0,0,5,1,1,1,,,,,,,,,,,,,,,,,,,,,,,,,,,,,,,,,,,,,,,,,,,,,,,,,,,,,,,,,,,,,
1,1,1,1,1,1,1,1,4,0,2,98,3,4,0,0,37,5,1,1,1,4,0,0,150,150,97,0,0,0,0,6,0,2,98,3,0,6,0,5,1,4,0,0,0,6,178,5,1,1,1,,,,,,,,,,,,,,,,,,,,,,,,,,,,,,,,,,,,,,,,,,,,,,,,,,,,,,,,,,,,,
1,1,1,4,35,0,0,0,0,0,0,0,0,0,0,5,1,1,1,1,1,1,1,1,1,1,1,1,1,1,0,6,0,0,0,0,0,6,0,0,41,2,98,3,1,1,1,1,1,1,1,,,,,,,,,,,,,,,,,,,,,,,,,,,,,,,,,,,,,,,,,,,,,,,,,,,,,,,,,,,,,
1,1,1,1,1,1,1,1,1,1,1,1,1,1,1,1,1,1,1,1,1,1,1,1,1,1,1,1,1,1,1,1,1,1,1,1,1,1,1,1,1,1,1,1,1,1,1,1,1,1,1,,,,,,,,,,,,,,,,,,,,,,,,,,,,,,,,,,,,,,,,,,,,,,,,,,,,,,,,,,,,,
4,0,0,5,1,1,1,1,1,1,1,1,1,1,1,1,1,1,1,1,1,1,1,1,1,1,1,1,1,1,1,1,1,1,1,1,1,1,1,1,1,1,1,1,1,1,1,1,1,1,1,,,,,,,,,,,,,,,,,,,,,,,,,,,,,,,,,,,,,,,,,,,,,,,,,,,,,,,,,,,,,
4,0,0,6,0,0,0,0,0,0,0,0,0,0,33,5,1,4,0,0,0,0,0,0,0,0,0,0,0,5,1,4,0,0,0,0,0,0,0,5,1,2,98,3,1,4,0,0,0,5,5,,,,,,,,,,,,,,,,,,,,,,,,,,,,,,,,,,,,,,,,,,,,,,,,,,,,,,,,,,,,,
4,0,0,6,0,5,1,4,0,5,2,98,3,1,1,4,0,6,0,5,4,0,5,1,4,0,5,4,0,5,1,4,0,2,98,3,0,6,0,6,0,0,0,0,0,6,0,5,1,1,1,,,,,,,,,,,,,,,,,,,,,,,,,,,,,,,,,,,,,,,,,,,,,,,,,,,,,,,,,,,,,
4,0,0,6,0,0,0,0,0,0,5,1,1,1,1,4,0,0,0,5,4,0,6,0,0,0,0,0,0,6,0,0,0,5,1,4,0,6,0,0,0,6,0,5,1,4,0,5,1,1,1,,,,,,,,,,,,,,,,,,,,,,,,,,,,,,,,,,,,,,,,,,,,,,,,,,,,,,,,,,,,,
4,0,0,5,1,4,0,5,4,0,0,5,1,1,1,4,0,6,0,6,0,0,6,0,0,0,0,6,0,6,0,6,0,0,0,0,0,0,0,6,0,6,0,0,0,6,0,5,1,1,1,,,,,,,,,,,,,,,,,,,,,,,,,,,,,,,,,,,,,,,,,,,,,,,,,,,,,,,,,,,,,
4,0,0,6,0,0,0,0,0,0,5,1,1,1,0,0,0,6,0,0,0,5,4,0,5,4,0,6,0,6,0,0,0,5,1,1,4,0,5,4,0,6,0,6,0,6,0,5,1,1,1,,,,,,,,,,,,,,,,,,,,,,,,,,,,,,,,,,,,,,,,,,,,,,,,,,,,,,,,,,,,,
4,0,0,6,0,5,4,0,5,1,1,1,1,1,0,6,0,0,0,5,1,4,0,0,5,1,1,4,0,6,0,6,0,0,5,1,4,0,6,0,0,0,0,6,0,0,0,5,1,1,1,,,,,,,,,,,,,,,,,,,,,,,,,,,,,,,,,,,,,,,,,,,,,,,,,,,,,,,,,,,,,
4,0,0,0,0,0,0,0,5,4,0,0,0,6,0,0,0,6,0,0,0,6,0,5,1,1,1,4,7,6,0,0,0,5,4,0,0,5,1,4,0,5,1,1,1,4,0,5,1,1,1,,,,,,,,,,,,,,,,,,,,,,,,,,,,,,,,,,,,,,,,,,,,,,,,,,,,,,,,,,,,,
1,1,1,1,1,1,1,1,4,0,0,6,0,0,0,5,1,1,1,1,1,4,0,5,1,1,1,1,1,4,0,0,0,5,1,4,0,0,0,6,0,0,0,6,0,0,0,5,1,1,1,,,,,,,,,,,,,,,,,,,,,,,,,,,,,,,,,,,,,,,,,,,,,,,,,,,,,,,,,,,,,
1,1,1,1,1,1,1,1,4,0,2,98,3,4,0,0,0,5,1,1,1,4,0,0,0,0,0,0,0,0,0,6,0,2,98,3,0,6,0,5,1,4,0,0,0,6,114,5,1,1,1,,,,,,,,,,,,,,,,,,,,,,,,,,,,,,,,,,,,,,,,,,,,,,,,,,,,,,,,,,,,,
1,1,1,4,31,0,0,0,0,0,0,0,0,0,0,5,1,1,1,1,1,1,1,1,1,1,1,1,1,1,0,6,0,0,0,0,0,6,0,0,45,2,98,3,1,1,1,1,1,1,1,,,,,,,,,,,,,,,,,,,,,,,,,,,,,,,,,,,,,,,,,,,,,,,,,,,,,,,,,,,,,
1,1,1,1,1,1,1,1,1,1,1,1,1,1,1,1,1,1,1,1,1,1,1,1,1,1,1,1,1,1,1,1,1,1,1,1,1,1,1,1,1,1,1,1,1,1,1,1,1,1,1,,,,,,,,,,,,,,,,,,,,,,,,,,,,,,,,,,,,,,,,,,,,,,,,,,,,,,,,,,,,,
,,,,,,,,,,,,,,,,,,,,,,,,,,,,,,,,,,,,,,,,,,,,,,,,,,,,,,,,,,,,,,,,,,,,,,,,,,,,,,,,,,,,,,,,,,,,,,,,,,,,,,,,,,,,,,,
51,24,1,,,,,,,,,,,,,,,,,,,,,,,,,,,,,,,,,,,,,,,,,,,,,,,,,,,,,,,,,,,,,,,,,,,,,,,,,,,,,,,,,,,,,,,,,,,,,,,,,,,,,,,,,,,,,
170,1,13,12,9,8,1,171,8,12,23,10,6,1,173,23,13,6,9,6,1,174,27,15,13,9,5,1,175,34,13,6,4,5,1,176,34,16,7,6,8,5,177,35,14,11,8,6,1,178,30,12,21,14,8,7,,,,,,,,,,,,,,,,,,,,,,,,,,,,,,,,,,,,,,,,,,,,,,,,,,,,,,,,
4,0,0,5,1,1,1,1,1,1,1,1,1,1,1,1,1,1,1,1,1,1,1,1,1,1,1,1,1,1,1,1,1,1,1,1,1,1,1,1,1,1,1,1,1,1,1,1,1,1,1,,,,,,,,,,,,,,,,,,,,,,,,,,,,,,,,,,,,,,,,,,,,,,,,,,,,,,,,,,,,,
4,0,0,6,0,0,0,0,0,0,0,0,0,0,113,5,1,4,0,0,0,0,0,0,0,0,0,0,0,5,1,4,0,0,0,0,0,0,0,5,1,2,98,3,1,4,0,0,151,151,97,,,,,,,,,,,,,,,,,,,,,,,,,,,,,,,,,,,,,,,,,,,,,,,,,,,,,,,,,,,,,
4,0,0,6,0,5,1,4,0,5,2,98,3,1,1,4,171,6,0,5,4,0,5,1,4,0,5,4,0,5,1,4,0,2,98,3,0,6,0,6,0,0,0,0,0,6,0,0,151,151,97,,,,,,,,,,,,,,,,,,,,,,,,,,,,,,,,,,,,,,,,,,,,,,,,,,,,,,,,,,,,,
4,0,0,6,0,0,0,0,0,0,5,1,1,1,1,4,0,0,0,5,4,0,6,0,0,0,0,0,0,6,0,0,0,5,1,4,0,6,0,0,0,6,0,5,1,4,0,5,1,1,1,,,,,,,,,,,,,,,,,,,,,,,,,,,,,,,,,,,,,,,,,,,,,,,,,,,,,,,,,,,,,
4,0,0,5,1,4,0,5,4,0,170,5,1,1,1,4,0,6,0,6,0,0,6,0,0,0,0,6,0,6,0,6,0,0,0,0,0,0,0,6,0,6,0,0,0,6,0,5,1,1,1,,,,,,,,,,,,,,,,,,,,,,,,,,,,,,,,,,,,,,,,,,,,,,,,,,,,,,,,,,,,,
4,0,0,6,0,0,0,0,0,0,5,1,1,1,0,0,0,6,0,0,0,5,4,0,5,4,173,6,0,6,0,0,0,5,1,1,4,0,5,4,0,6,0,6,0,6,0,5,1,1,1,,,,,,,,,,,,,,,,,,,,,,,,,,,,,,,,,,,,,,,,,,,,,,,,,,,,,,,,,,,,,
4,0,0,6,0,5,4,0,5,1,1,1,1,1,0,6,0,0,0,5,1,4,0,0,5,1,1,4,0,6,0,6,0,174,5,1,4,176,6,177,0,0,0,6,0,0,0,5,1,1,1,,,,,,,,,,,,,,,,,,,,,,,,,,,,,,,,,,,,,,,,,,,,,,,,,,,,,,,,,,,,,
4,0,0,0,0,0,0,0,5,4,0,0,0,6,0,0,0,6,0,0,117,6,0,5,1,1,1,4,42,6,0,0,0,5,4,175,0,5,1,4,0,5,1,1,1,4,0,5,1,1,1,,,,,,,,,,,,,,,,,,,,,,,,,,,,,,,,,,,,,,,,,,,,,,,,,,,,,,,,,,,,,
1,1,1,1,1,1,1,1,4,0,0,6,0,0,0,5,1,1,1,1,1,4,0,6,0,0,5,1,1,4,0,0,0,5,1,4,0,0,0,6,0,0,0,6,0,0,0,5,1,1,1,,,,,,,,,,,,,,,,,,,,,,,,,,,,,,,,,,,,,,,,,,,,,,,,,,,,,,,,,,,,,
1,1,1,1,1,1,1,1,4,0,2,98,3,4,0,0,37,5,1,1,1,4,0,0,0,0,99,0,0,0,0,6,0,2,98,3,0,6,0,5,1,4,0,0,0,6,178,5,1,1,1,,,,,,,,,,,,,,,,,,,,,,,,,,,,,,,,,,,,,,,,,,,,,,,,,,,,,,,,,,,,,
1,1,1,4,35,0,0,0,0,0,0,0,0,0,0,5,1,1,1,1,1,1,1,1,1,1,1,1,1,1,0,6,0,0,0,0,0,6,0,0,41,2,98,3,1,1,1,1,1,1,1,,,,,,,,,,,,,,,,,,,,,,,,,,,,,,,,,,,,,,,,,,,,,,,,,,,,,,,,,,,,,
1,1,1,1,1,1,1,1,1,1,1,1,1,1,1,1,1,1,1,1,1,1,1,1,1,1,1,1,1,1,1,1,1,1,1,1,1,1,1,1,1,1,1,1,1,1,1,1,1,1,1,,,,,,,,,,,,,,,,,,,,,,,,,,,,,,,,,,,,,,,,,,,,,,,,,,,,,,,,,,,,,
4,0,0,5,1,1,1,1,1,1,1,1,1,1,1,1,1,1,1,1,1,1,1,1,1,1,1,1,1,1,1,1,1,1,1,1,1,1,1,1,1,1,1,1,1,1,1,1,1,1,1,,,,,,,,,,,,,,,,,,,,,,,,,,,,,,,,,,,,,,,,,,,,,,,,,,,,,,,,,,,,,
4,0,0,6,0,0,0,0,0,0,0,0,0,0,33,5,1,4,0,0,0,0,0,0,0,0,0,0,0,5,1,4,0,0,0,0,0,0,0,5,1,2,98,3,1,4,0,0,0,5,5,,,,,,,,,,,,,,,,,,,,,,,,,,,,,,,,,,,,,,,,,,,,,,,,,,,,,,,,,,,,,
4,0,0,6,0,5,1,4,0,5,2,98,3,1,1,4,0,6,0,5,4,0,5,1,4,0,5,4,0,5,1,4,0,2,98,3,0,6,0,6,0,0,0,0,0,6,0,5,1,1,1,,,,,,,,,,,,,,,,,,,,,,,,,,,,,,,,,,,,,,,,,,,,,,,,,,,,,,,,,,,,,
4,0,0,6,0,0,0,0,0,0,5,1,1,1,1,4,0,0,0,5,4,0,6,0,0,0,0,0,0,6,0,0,0,5,1,4,0,6,0,0,0,6,0,5,1,4,0,5,1,1,1,,,,,,,,,,,,,,,,,,,,,,,,,,,,,,,,,,,,,,,,,,,,,,,,,,,,,,,,,,,,,
4,0,0,5,1,4,0,5,4,0,0,5,1,1,1,4,0,6,0,6,0,0,6,0,0,0,0,6,0,6,0,6,0,0,0,0,0,0,0,6,0,6,0,0,0,6,0,5,1,1,1,,,,,,,,,,,,,,,,,,,,,,,,,,,,,,,,,,,,,,,,,,,,,,,,,,,,,,,,,,,,,
4,0,0,6,0,0,0,0,0,0,5,1,1,1,0,0,0,6,0,0,0,5,4,0,5,4,0,6,0,6,0,0,0,5,1,1,4,0,5,4,0,6,0,6,0,6,0,5,1,1,1,,,,,,,,,,,,,,,,,,,,,,,,,,,,,,,,,,,,,,,,,,,,,,,,,,,,,,,,,,,,,
4,0,0,6,0,5,4,0,5,1,1,1,1,1,0,6,0,0,0,5,1,4,0,0,5,1,1,4,0,6,0,6,0,0,5,1,4,0,6,0,0,0,0,6,0,0,0,5,1,1,1,,,,,,,,,,,,,,,,,,,,,,,,,,,,,,,,,,,,,,,,,,,,,,,,,,,,,,,,,,,,,
4,0,0,0,0,0,0,0,5,4,0,0,0,6,0,0,0,6,0,0,0,6,0,5,1,1,1,4,7,6,0,0,0,5,4,0,0,5,1,4,0,5,1,1,1,4,0,5,1,1,1,,,,,,,,,,,,,,,,,,,,,,,,,,,,,,,,,,,,,,,,,,,,,,,,,,,,,,,,,,,,,
1,1,1,1,1,1,1,1,4,0,0,6,0,0,0,5,1,1,1,1,1,4,0,5,1,1,1,1,1,4,0,0,0,5,1,4,0,0,0,6,0,0,0,6,0,0,0,5,1,1,1,,,,,,,,,,,,,,,,,,,,,,,,,,,,,,,,,,,,,,,,,,,,,,,,,,,,,,,,,,,,,
1,1,1,1,1,1,1,1,4,0,2,98,3,4,0,0,0,5,1,1,1,4,0,0,0,0,0,0,0,0,0,6,0,2,98,3,0,6,0,5,1,4,0,0,0,6,114,5,1,1,1,,,,,,,,,,,,,,,,,,,,,,,,,,,,,,,,,,,,,,,,,,,,,,,,,,,,,,,,,,,,,
1,1,1,4,31,0,0,0,0,0,0,0,0,0,0,5,1,1,1,1,1,1,1,1,1,1,1,1,1,1,0,6,0,0,0,0,0,6,0,0,45,2,98,3,1,1,1,1,1,1,1,,,,,,,,,,,,,,,,,,,,,,,,,,,,,,,,,,,,,,,,,,,,,,,,,,,,,,,,,,,,,
1,1,1,1,1,1,1,1,1,1,1,1,1,1,1,1,1,1,1,1,1,1,1,1,1,1,1,1,1,1,1,1,1,1,1,1,1,1,1,1,1,1,1,1,1,1,1,1,1,1,1,,,,,,,,,,,,,,,,,,,,,,,,,,,,,,,,,,,,,,,,,,,,,,,,,,,,,,,,,,,,,
,,,,,,,,,,,,,,,,,,,,,,,,,,,,,,,,,,,,,,,,,,,,,,,,,,,,,,,,,,,,,,,,,,,,,,,,,,,,,,,,,,,,,,,,,,,,,,,,,,,,,,,,,,,,,,,
25,20,1,,,,,,,,,,,,,,,,,,,,,,,,,,,,,,,,,,,,,,,,,,,,,,,,,,,,,,,,,,,,,,,,,,,,,,,,,,,,,,,,,,,,,,,,,,,,,,,,,,,,,,,,,,,,,
170,1,16,6,4,5,1,171,9,16,6,4,7,1,172,18,15,7,5,4,2,173,17,15,5,5,6,5,174,1,13,9,7,5,1,175,1,13,9,7,5,2,176,16,8,4,7,5,5,177,22,8,4,7,5,2,178,5,8,8,4,6,5,179,1,6,25,4,1,4,180,17,4,4,4,5,5,181,21,5,4,4,4,2,182,1,1,4,11,6,5,183,11,1,5,4,3,2,,,,,,,,,,,,,,
1,1,1,1,1,1,1,1,1,1,1,1,1,1,1,1,1,1,1,1,1,1,1,1,1,,,,,,,,,,,,,,,,,,,,,,,,,,,,,,,,,,,,,,,,,,,,,,,,,,,,,,,,,,,,,,,,,,,,,,,,,,,,,,,,,,,,,,,
1,1,1,170,0,0,0,171,1,31,0,0,0,0,0,0,0,0,0,0,0,0,0,172,1,,,,,,,,,,,,,,,,,,,,,,,,,,,,,,,,,,,,,,,,,,,,,,,,,,,,,,,,,,,,,,,,,,,,,,,,,,,,,,,,,,,,,,,
99,0,1,1,1,1,0,0,1,1,1,1,1,1,0,0,0,0,1,1,1,1,0,0,1,,,,,,,,,,,,,,,,,,,,,,,,,,,,,,,,,,,,,,,,,,,,,,,,,,,,,,,,,,,,,,,,,,,,,,,,,,,,,,,,,,,,,,,
0,0,0,0,0,0,0,0,0,0,0,0,0,0,0,0,0,0,0,173,1,1,0,0,1,,,,,,,,,,,,,,,,,,,,,,,,,,,,,,,,,,,,,,,,,,,,,,,,,,,,,,,,,,,,,,,,,,,,,,,,,,,,,,,,,,,,,,,
1,1,1,0,0,0,0,0,0,0,0,0,0,2,98,3,0,0,0,0,0,0,0,0,1,,,,,,,,,,,,,,,,,,,,,,,,,,,,,,,,,,,,,,,,,,,,,,,,,,,,,,,,,,,,,,,,,,,,,,,,,,,,,,,,,,,,,,,
1,1,1,0,0,1,0,1,1,0,0,1,1,1,1,1,0,1,1,1,0,1,1,1,1,,,,,,,,,,,,,,,,,,,,,,,,,,,,,,,,,,,,,,,,,,,,,,,,,,,,,,,,,,,,,,,,,,,,,,,,,,,,,,,,,,,,,,,
1,0,0,0,0,1,0,0,1,0,0,1,32,0,0,1,0,0,176,1,0,1,0,177,1,,,,,,,,,,,,,,,,,,,,,,,,,,,,,,,,,,,,,,,,,,,,,,,,,,,,,,,,,,,,,,,,,,,,,,,,,,,,,,,,,,,,,,,
1,1,1,1,0,1,0,0,1,0,0,1,0,0,0,1,0,0,0,1,0,0,0,0,1,,,,,,,,,,,,,,,,,,,,,,,,,,,,,,,,,,,,,,,,,,,,,,,,,,,,,,,,,,,,,,,,,,,,,,,,,,,,,,,,,,,,,,,
1,112,0,1,0,1,174,175,1,0,0,0,0,1,1,1,0,0,0,1,0,0,1,0,1,,,,,,,,,,,,,,,,,,,,,,,,,,,,,,,,,,,,,,,,,,,,,,,,,,,,,,,,,,,,,,,,,,,,,,,,,,,,,,,,,,,,,,,
1,0,0,1,0,1,1,1,1,0,0,1,0,0,0,0,0,0,0,1,0,0,1,0,1,,,,,,,,,,,,,,,,,,,,,,,,,,,,,,,,,,,,,,,,,,,,,,,,,,,,,,,,,,,,,,,,,,,,,,,,,,,,,,,,,,,,,,,
1,0,0,1,0,0,0,0,0,0,0,1,0,0,1,1,0,0,0,1,0,0,0,0,1,,,,,,,,,,,,,,,,,,,,,,,,,,,,,,,,,,,,,,,,,,,,,,,,,,,,,,,,,,,,,,,,,,,,,,,,,,,,,,,,,,,,,,,
1,0,0,1,0,0,0,1,0,0,178,1,0,0,179,1,0,0,0,1,0,0,0,30,1,,,,,,,,,,,,,,,,,,,,,,,,,,,,,,,,,,,,,,,,,,,,,,,,,,,,,,,,,,,,,,,,,,,,,,,,,,,,,,,,,,,,,,,
1,1,0,1,0,0,0,1,1,1,1,1,0,0,0,1,0,1,1,1,1,0,0,1,1,,,,,,,,,,,,,,,,,,,,,,,,,,,,,,,,,,,,,,,,,,,,,,,,,,,,,,,,,,,,,,,,,,,,,,,,,,,,,,,,,,,,,,,
1,0,0,1,0,0,0,0,0,0,0,0,0,1,0,0,0,0,1,180,1,0,0,1,1,,,,,,,,,,,,,,,,,,,,,,,,,,,,,,,,,,,,,,,,,,,,,,,,,,,,,,,,,,,,,,,,,,,,,,,,,,,,,,,,,,,,,,,
1,0,0,1,0,1,0,0,0,0,0,0,0,0,0,0,0,0,0,0,0,0,0,181,1,,,,,,,,,,,,,,,,,,,,,,,,,,,,,,,,,,,,,,,,,,,,,,,,,,,,,,,,,,,,,,,,,,,,,,,,,,,,,,,,,,,,,,,
1,0,0,1,0,0,0,1,1,0,1,1,1,1,1,1,0,0,1,1,1,1,1,1,1,,,,,,,,,,,,,,,,,,,,,,,,,,,,,,,,,,,,,,,,,,,,,,,,,,,,,,,,,,,,,,,,,,,,,,,,,,,,,,,,,,,,,,,
1,0,0,0,0,0,0,1,1,0,1,183,1,2,98,3,0,0,0,0,0,150,150,0,1,,,,,,,,,,,,,,,,,,,,,,,,,,,,,,,,,,,,,,,,,,,,,,,,,,,,,,,,,,,,,,,,,,,,,,,,,,,,,,,,,,,,,,,
1,0,0,0,1,0,0,0,0,0,0,0,0,0,0,1,1,0,0,0,0,150,150,0,97,,,,,,,,,,,,,,,,,,,,,,,,,,,,,,,,,,,,,,,,,,,,,,,,,,,,,,,,,,,,,,,,,,,,,,,,,,,,,,,,,,,,,,,
1,182,0,0,0,0,0,0,1,1,1,0,0,0,0,0,1,1,1,1,1,1,1,1,1,,,,,,,,,,,,,,,,,,,,,,,,,,,,,,,,,,,,,,,,,,,,,,,,,,,,,,,,,,,,,,,,,,,,,,,,,,,,,,,,,,,,,,,
1,1,1,1,1,1,1,1,1,1,1,1,1,1,1,1,1,1,1,1,1,1,1,1,1,,,,,,,,,,,,,,,,,,,,,,,,,,,,,,,,,,,,,,,,,,,,,,,,,,,,,,,,,,,,,,,,,,,,,,,,,,,,,,,,,,,,,,,
,,,,,,,,,,,,,,,,,,,,,,,,,,,,,,,,,,,,,,,,,,,,,,,,,,,,,,,,,,,,,,,,,,,,,,,,,,,,,,,,,,,,,,,,,,,,,,,,,,,,,,,,,,,,,,,
27,24,2,,,,,,,,,,,,,,,,,,,,,,,,,,,,,,,,,,,,,,,,,,,,,,,,,,,,,,,,,,,,,,,,,,,,,,,,,,,,,,,,,,,,,,,,,,,,,,,,,,,,,,,,,,,,,
170,14,21,5,4,6,1,171,2,17,5,5,5,5,172,8,19,4,1,2,3,173,15,18,3,4,3,2,174,18,13,4,5,5,5,175,23,6,4,12,4,1,176,23,6,4,12,4,2,177,23,6,4,12,4,3,178,2,7,5,7,4,3,179,2,7,5,7,4,2,180,8,10,4,6,5,1,181,12,10,4,6,5,2,182,6,7,21,7,1,4,183,7,6,14,3,6,5,184,9,4,10,2,4,3,185,1,1,5,9,6,6
1,1,1,1,1,1,1,1,1,1,1,1,1,1,1,1,1,1,1,1,1,1,1,1,1,1,1,,,,,,,,,,,,,,,,,,,,,,,,,,,,,,,,,,,,,,,,,,,,,,,,,,,,,,,,,,,,,,,,,,,,,,,,,,,,,,,,,,,,,
1,0,0,0,0,0,0,0,0,0,0,0,0,0,0,0,1,170,0,0,0,0,113,1,1,0,1,,,,,,,,,,,,,,,,,,,,,,,,,,,,,,,,,,,,,,,,,,,,,,,,,,,,,,,,,,,,,,,,,,,,,,,,,,,,,,,,,,,,,
1,0,0,0,0,1,1,1,1,1,1,0,0,1,0,1,1,1,0,1,1,1,1,0,0,0,1,,,,,,,,,,,,,,,,,,,,,,,,,,,,,,,,,,,,,,,,,,,,,,,,,,,,,,,,,,,,,,,,,,,,,,,,,,,,,,,,,,,,,
99,0,0,0,0,1,1,1,1,1,1,2,98,3,0,0,0,1,0,1,1,0,0,1,1,1,1,,,,,,,,,,,,,,,,,,,,,,,,,,,,,,,,,,,,,,,,,,,,,,,,,,,,,,,,,,,,,,,,,,,,,,,,,,,,,,,,,,,,,
1,1,1,0,0,1,1,1,1,1,1,1,1,1,0,0,0,1,0,1,1,0,0,1,1,177,1,,,,,,,,,,,,,,,,,,,,,,,,,,,,,,,,,,,,,,,,,,,,,,,,,,,,,,,,,,,,,,,,,,,,,,,,,,,,,,,,,,,,,
1,1,0,0,0,0,0,0,0,0,0,172,1,1,0,1,0,0,0,1,1,1,1,1,0,0,1,,,,,,,,,,,,,,,,,,,,,,,,,,,,,,,,,,,,,,,,,,,,,,,,,,,,,,,,,,,,,,,,,,,,,,,,,,,,,,,,,,,,,
1,171,0,0,0,0,0,1,1,1,1,1,1,1,173,1,0,1,0,1,174,1,1,176,0,0,1,,,,,,,,,,,,,,,,,,,,,,,,,,,,,,,,,,,,,,,,,,,,,,,,,,,,,,,,,,,,,,,,,,,,,,,,,,,,,,,,,,,,,
1,1,1,0,0,1,1,1,1,1,1,1,1,1,1,1,1,1,1,1,0,1,1,1,0,0,1,,,,,,,,,,,,,,,,,,,,,,,,,,,,,,,,,,,,,,,,,,,,,,,,,,,,,,,,,,,,,,,,,,,,,,,,,,,,,,,,,,,,,
1,0,0,0,0,0,0,0,0,0,0,0,0,0,0,0,0,0,0,0,0,1,1,175,0,0,1,,,,,,,,,,,,,,,,,,,,,,,,,,,,,,,,,,,,,,,,,,,,,,,,,,,,,,,,,,,,,,,,,,,,,,,,,,,,,,,,,,,,,
1,0,0,0,0,0,0,1,1,1,0,1,1,1,0,1,1,0,0,0,0,0,1,1,0,0,1,,,,,,,,,,,,,,,,,,,,,,,,,,,,,,,,,,,,,,,,,,,,,,,,,,,,,,,,,,,,,,,,,,,,,,,,,,,,,,,,,,,,,
1,1,1,1,1,1,0,1,180,0,0,1,0,0,0,1,0,1,0,0,0,0,0,0,0,0,1,,,,,,,,,,,,,,,,,,,,,,,,,,,,,,,,,,,,,,,,,,,,,,,,,,,,,,,,,,,,,,,,,,,,,,,,,,,,,,,,,,,,,
1,1,178,1,179,1,0,1,1,1,0,1,0,0,0,1,1,1,0,0,1,1,1,0,0,0,1,,,,,,,,,,,,,,,,,,,,,,,,,,,,,,,,,,,,,,,,,,,,,,,,,,,,,,,,,,,,,,,,,,,,,,,,,,,,,,,,,,,,,
1,1,0,1,0,1,0,1,0,0,0,1,181,0,0,1,0,1,0,0,1,182,1,0,0,0,1,,,,,,,,,,,,,,,,,,,,,,,,,,,,,,,,,,,,,,,,,,,,,,,,,,,,,,,,,,,,,,,,,,,,,,,,,,,,,,,,,,,,,
1,0,0,1,0,0,0,1,0,0,0,1,1,1,0,1,1,0,0,0,1,1,1,0,1,0,1,,,,,,,,,,,,,,,,,,,,,,,,,,,,,,,,,,,,,,,,,,,,,,,,,,,,,,,,,,,,,,,,,,,,,,,,,,,,,,,,,,,,,
1,0,0,1,0,0,0,0,0,0,0,0,0,0,0,0,0,0,0,0,0,0,1,0,0,0,1,,,,,,,,,,,,,,,,,,,,,,,,,,,,,,,,,,,,,,,,,,,,,,,,,,,,,,,,,,,,,,,,,,,,,,,,,,,,,,,,,,,,,
1,0,0,1,0,1,1,1,1,1,1,1,1,1,1,1,1,1,1,1,1,0,1,1,0,0,1,,,,,,,,,,,,,,,,,,,,,,,,,,,,,,,,,,,,,,,,,,,,,,,,,,,,,,,,,,,,,,,,,,,,,,,,,,,,,,,,,,,,,
1,0,0,0,0,1,183,0,0,0,0,0,0,0,0,0,0,0,0,33,1,0,0,0,0,1,1,,,,,,,,,,,,,,,,,,,,,,,,,,,,,,,,,,,,,,,,,,,,,,,,,,,,,,,,,,,,,,,,,,,,,,,,,,,,,,,,,,,,,
1,1,0,1,0,1,0,0,0,0,0,1,1,1,1,0,0,0,0,1,1,1,1,0,0,1,0,,,,,,,,,,,,,,,,,,,,,,,,,,,,,,,,,,,,,,,,,,,,,,,,,,,,,,,,,,,,,,,,,,,,,,,,,,,,,,,,,,,,,
1,1,30,1,0,1,1,0,0,0,0,2,98,3,1,0,0,0,0,0,1,31,0,0,0,1,0,,,,,,,,,,,,,,,,,,,,,,,,,,,,,,,,,,,,,,,,,,,,,,,,,,,,,,,,,,,,,,,,,,,,,,,,,,,,,,,,,,,,,
1,1,1,1,0,0,1,1,0,0,0,1,0,1,1,0,0,184,1,1,1,1,1,0,0,1,0,,,,,,,,,,,,,,,,,,,,,,,,,,,,,,,,,,,,,,,,,,,,,,,,,,,,,,,,,,,,,,,,,,,,,,,,,,,,,,,,,,,,,
1,0,0,0,0,0,0,1,1,30,0,0,0,0,0,0,0,1,1,0,0,0,0,0,1,1,1,,,,,,,,,,,,,,,,,,,,,,,,,,,,,,,,,,,,,,,,,,,,,,,,,,,,,,,,,,,,,,,,,,,,,,,,,,,,,,,,,,,,,
1,0,0,0,0,0,0,0,1,1,1,1,1,1,1,1,1,1,0,0,0,0,0,0,150,150,1,,,,,,,,,,,,,,,,,,,,,,,,,,,,,,,,,,,,,,,,,,,,,,,,,,,,,,,,,,,,,,,,,,,,,,,,,,,,,,,,,,,,,
1,185,0,0,0,0,0,0,0,0,0,0,0,0,0,0,0,0,0,0,0,0,0,0,150,150,97,,,,,,,,,,,,,,,,,,,,,,,,,,,,,,,,,,,,,,,,,,,,,,,,,,,,,,,,,,,,,,,,,,,,,,,,,,,,,,,,,,,,,
1,1,1,1,1,1,1,1,1,1,1,1,1,1,1,1,1,1,1,1,1,1,1,1,1,1,1,,,,,,,,,,,,,,,,,,,,,,,,,,,,,,,,,,,,,,,,,,,,,,,,,,,,,,,,,,,,,,,,,,,,,,,,,,,,,,,,,,,,,
